Eleftherios Garyfallidis <garyfallidis@gmail.com> Eleftherios Garyfallidis <eg01@devel07.(none)>
Eleftherios Garyfallidis <garyfallidis@gmail.com> Eleftherios Garyfallidis <eg309@elfarion.(none)>
Eleftherios Garyfallidis <garyfallidis@gmail.com> Eleftherios Garyfallidis <eg309@elfthin.(none)>
Serge Koudoro <skab12@gmail.com> skoudoro <skab12@gmail.com>
Serge Koudoro <skab12@gmail.com> skoudoro <skoudoro@gmail.com>
Ariel Rokem <arokem@gmail.com> arokem <arokem@gmail.com>
Matthew Brett <matthew.brett@gmail.com> Matthew Brett <matthew@devel07.(none)>
Kevin Sitek <sitek.kevin@gmail.com>
Gauvin Alexandre <gauvinalexandre@gmail.com> algo <gauvinalexandre@gmail.com>
Bago Amirbekian <Bago.Amirbekian@ucsf.edu> Bago Amirbekian <mrbago+git@gmail.com>
Bago Amirbekian <Bago.Amirbekian@ucsf.edu> Bago Amirbekian <mrbago@gmail.com>
Ranveer Aggarwal <ranveeraggarwal@gmail.com> Ranveer Aggarwal <ranveeraggarwal@users.noreply.github.com>
Omar Ocegueda <jomaroceguedag@gmail.com> omarocegueda <jomaroceguedag@gmail.com>
Etienne St-Onge <etienne.st-onge@usherbrooke.ca> Etienne <stonge.etienne@gmail.com>
Etienne St-Onge <etienne.st-onge@usherbrooke.ca> Etienne St-Onge <ch185690@carlsen.tch.harvard.edu>
Etienne St-Onge <etienne.st-onge@usherbrooke.ca> Etienne St-Onge <Etienne.St-Onge@usherbrooke.ca>
Etienne St-Onge <etienne.st-onge@usherbrooke.ca> Etienne St-Onge <etienne.st-onge@usherbrooke.ca>
Soham Biswas <sohambiswas41@gmail.com> Nibba2018 <sohambiswas41@gmail.com>
Soham Biswas <sohambiswas41@gmail.com> nibba <nibba@pop-os.localdomain>
Vivek Choudhary <choudhary.vivek98@gmail.com> paulnicolashunter <choudhary.vivek98@gmail.com>
Vivek Choudhary <choudhary.vivek98@gmail.com> Vivek <choudhary.vivek98@gmail.com>
Saransh Jain <b18191@students.iitmandi.ac.in> Saransh <b18191@students.iitmandi.ac.in>
Saransh Jain <b18191@students.iitmandi.ac.in> Saransh Jain <48832748+Saransh0905@users.noreply.github.com>
ChenCheng0630 <chencheng991207@gmail.com> ccheng1 <ccheng1@paypal.com>
Javier Guaje <jrguajeg@gmail.com> Javier Guaje <jrguajeg@iu.edu>
Javier Guaje <jrguajeg@gmail.com> Javier Guaje <guaje@users.noreply.github.com>
Shreyas Bhujbal <shreyasb2@gmail.com> Shreyas Bhujbal <shreyasbhujbal@zoho.com>
Shreyas Bhujbal <shreyasb2@gmail.com> kakashihatakae <shreyasb2@gmail.com>
Melina Raglin <raglin.11@buckeyemail.osu.edu> mlraglin <43075495+mlraglin@users.noreply.github.com>
Melina Raglin <raglin.11@buckeyemail.osu.edu> Melina Raglin <43075495+mlraglin@users.noreply.github.com>
Lenix Lobo <lenixlobo@gmail.com> lenixlobo <lenixlobo@gmail.com>
Nasim Anousheh <nasimanousheh@gmail.com> Nasim <nasimanousheh@gmail.com>
Kesshi Jordan <Kesshi.Jordan@ucsf.edu> kesshijordan <Kesshi.Jordan@ucsf.edu>
Tushar <codingid6@gmail.com> Tushar <30565750+tushar5526@users.noreply.github.com>
Sajag Swami <sun.tsunami248@gmail.com> SunTzunami <sun.tsunami248@gmail.com>
Sajag Swami <sun.tsunami248@gmail.com> Sajag Swami <65067354+SunTzunami@users.noreply.github.com>
Sanjay Marreddi <sanjay.mareddi@gmail.com> SanjayMarreddi <sanjay.mareddi@gmail.com>
Bruno Messias  <messias.physics@gmail.com> devmessias <messias.physics@gmail.com>
Bruno Messias  <messias.physics@gmail.com> bruno messias <messias.physics@gmail.com>
Antriksh Misri <antrikshmisri@gmail.com> antrikshmisri <antrikshmisri@gmail.com>
Antriksh Misri <antrikshmisri@gmail.com> Antriksh Misri <54466356+antrikshmisri@users.noreply.github.com>
Praneeth Shetty <praneethshetty10@gmail.com> ganimtron-10 <64432063+ganimtron-10@users.noreply.github.com>
Hariharan Ayappane <hari.ayapps@gmail.com> haran2001 <hari.ayapps@gmail.com>
Adam Rybinski <adam.rybinski@outlook.com> Adam <adam.rybinski@outlook.com>
Tingyi Wanyan <tiwanyan@gmail.com> Tingyi Wanyan <tiwanyan@Tingyis-MacBook-Pro.local>
Tingyi Wanyan <tiwanyan@gmail.com> Tingyi Wanyan <tiwanyan@149-160-234-100.dhcp-bl.indiana.edu>
Tingyi Wanyan <tiwanyan@gmail.com> Tingyi Wanyan <tiwanyan@149-160-232-233.dhcp-bl.indiana.edu>
Jacob Wasserth <j.wasserthal@dkfz.de> wasserth <j.wasserthal@dkfz.de>
Charles Poirier <charles.poirier@usherbrooke.ca> CHrlS98 <charles.poirier@usherbrooke.ca>
Hariharan Ayappane <hari.ayapps@gmail.com> haran2001 <hari.ayapps@gmail.com>
Hariharan Ayappane <hari.ayapps@gmail.com> haran2001 <56040092+haran2001@users.noreply.github.com>
Praneeth Shetty <praneethshetty10@gmail.com> ganimtron10 <praneethshetty10@gmail.com>
Praneeth Shetty <praneethshetty10@gmail.com> ganimtron-10 <praneethshetty10@gmail.com>
Praneeth Shetty <praneethshetty10@gmail.com> Praneeth Shetty <64432063+ganimtron-10@users.noreply.github.com>
Anand Shivam <anandshivam54321@gmail.com> Xtanion <anandshivam54321@gmail.com>
Anand Shivam <anandshivam54321@gmail.com> Shivam Anand <74976752+xtanion@users.noreply.github.com>
Meha Bhalodiya <mehabhalodiya@gmail.com> mehabhalodiya <mehabhalodiya@gmail.com>
Mohamed Agour <mo.aggour@gmail.com> m-agour <mo.aggour@gmail.com>
Mohamed Agour <mo.aggour@gmail.com>  Mohamed Agour <63170874+m-agour@users.noreply.github.com>
Sreekar Chigurupati <chigurupatisreekar@gmail.com> sreekar chigurupati <chigurupatisreekar@gmail.com>
Johny Daras <johnydaras@gmail.com> lej0hn <johnydaras@gmail.com>
Francois Rheault <francois.m.rheault@usherbrooke.ca> frheault <francois.m.rheault@usherbrooke.ca>
Dwij Raj Hari <dwijrajhari@gmail.com> Dwij Raj Hari <75260253+dwijrajhari@users.noreply.github.com>
Tania Castillo <tvcastillod@unal.edu.co> tvcastillod <tvcastillod@unal.edu.co>
Tania Castillo <tvcastillod@unal.edu.co> Tania Castillo <31288525+tvcastillod@users.noreply.github.com>
